Machine ID,avg_defect_rate
M001,2.553073852
M002,2.489483615
M003,2.515228216
M004,2.544285714
M005,2.585866534
M006,2.516882353
M007,2.472920269
M008,2.481201232
M009,2.57353
M010,2.538138833
